id,sequence,predicted_activity
0,CGTTGATACCGAGT,0.967630393294326
232,GATTATGGTTTAGA,0.967630393294326
1091,AATGGGTTACTCTA,0.967630393294326
171,ATTGAATCGGTTAT,0.967630393294326
450,GAATATGTGGATTC,0.967630393294326
1361,CGACTAGGGTTTGA,0.967630393294326
1061,ACGACGGGTCATCC,0.967630393294326
1351,ATCTGTTGAGGGCG,0.967630393294326
1181,AAAACGGGAATTAA,0.967630393294326
450,AGAAAAAGGTACT,0.9170248776348418
1510,ACAATGTGGTCGTGC,0.9130014235280538
1441,AGGATAAGGGTCCT,0.9130014235280538
221,AGTCAGTGGTTATGC,0.5877391012688602
300,CATCTCAGGCTGAAC,0.5877391012688602
641,AGGGTATCGGTAACG,0.5877391012688602
91,GGATATCATGGTACG,0.5877391012688602
238,GAGCGTGTTGATTTC,0.5877391012688602
461,ATTATTGGTATCCCG,0.5877391012688602
420,AAAAGTGGTTGCAGC,0.5877391012688602
51,ACACGGGTTTTAGCA,0.5877391012688602
1050,GAACATTTGTGGATC,0.5678988520969492
920,AATGCGGATATCA,0.3985030986071531
311,ATTAAGGGCCGTG,0.3985030986071531
421,ATTAGGTGGTGCG,0.3985030986071531
211,GTGTCCTGGATTAAT,0.324253635515195
740,AACGTGATCAGTATA,0.324253635515195
1300,GACACAACCGCGTTG,0.324253635515195
1131,ACCATGGGCTTACAT,0.324253635515195
540,AACCAAATGGTTACA,0.324253635515195
891,GACTTACTGTGTGGG,0.324253635515195
221,GAAATGTGGGTATAG,0.2589895931102754
480,CGATGGTGGATTGGT,0.2589895931102754
671,GTGACAAAGGCTAAT,0.2589895931102754
620,GTTGTGCAATAGAGA,0.2589895931102754
891,GTTTATGGCGGAATG,0.2589895931102754
80,AACTTTTAATTTAGA,0.2589895931102754
1331,AAGGGCGATTGGTAT,0.2589895931102754
1260,ACTTAAGGTTTCAGT,0.2589895931102754
1250,GGACGATAGAATAGA,0.2589895931102754
830,GAAGTTGGTTTATAT,0.2589895931102754
180,CTAGCTACTTAGAAA,0.2589895931102754
1563,GCTATATGAGTGGTT,0.2589895931102754
341,GACTATGGTATGATA,0.2589895931102754
1110,GATCTTGGTGTAAAT,0.2589895931102754
810,GAATAATTATTGTCA,0.2565985947174718
951,GATACATGAAGGGAC,0.2374623645295494
740,ATAAAAGCTGAGAGA,0.1310071676880289
